chunk_size,chunk_overlap,top_k,avg_dcg,avg_ndcg,mrr,mmrs,mhitrate_k,num_queries
300,30,3,0.6196636023886646,0.6181580296291103,0.6,0.8310329874356587,0.7,10
